{
  "train_MAE": {
    "mean": 10.218824768066407,
    "std": 1.9032092692978129,
    "values": [
      10.850104331970215,
      8.509201049804688,
      8.246417045593262,
      10.598871231079102,
      12.889530181884766
    ]
  },
  "val_MAE": {
    "mean": 13.8198881149292,
    "std": 0.9082382332344605,
    "values": [
      14.964120864868164,
      12.88270092010498,
      13.627636909484863,
      13.079371452331543,
      14.545610427856445
    ]
  },
  "test_MAE": {
    "mean": 15.214288330078125,
    "std": 3.996702205681682,
    "values": [
      11.517181396484375,
      14.425466537475586,
      16.31075096130371,
      12.290731430053711,
      21.527311325073242
    ]
  },
  "test_RMSE": {
    "mean": 18.405945332395735,
    "std": 4.137771758676966,
    "values": [
      15.351088872305759,
      16.095619581940998,
      19.18647649066793,
      16.077874451400596,
      25.318667265663393
    ]
  },
  "test_PPA": {
    "mean": 22.52747252747253,
    "std": 11.327213257191376,
    "values": [
      35.714285714285715,
      15.384615384615385,
      23.076923076923077,
      30.76923076923077,
      7.6923076923076925
    ]
  },
  "test_MAPE": {
    "mean": 10.438809394836426,
    "std": 2.76023268699646,
    "values": [
      7.71789026260376,
      9.984108924865723,
      11.250689506530762,
      8.505184173583984,
      14.736172676086426
    ]
  },
  "test_R2": {
    "mean": -8.485136318206788,
    "std": 7.163760521522115,
    "values": [
      -2.2004265785217285,
      -3.1681885719299316,
      -16.01652717590332,
      -4.499266147613525,
      -16.54127311706543
    ]
  }
}